V111A,-20.96,0.02,0,0.02,-1.73,0.02,-0.16,0.02
V111C,-21.69,0.03,-0.72,0.04,-2.45,0.04,-1.37,0.15
V111D,-18.47,0.09,2.49,0.09,0.77,0.09,-0.61,0.2
V111E,-19.78,0.14,1.18,0.14,-0.54,0.14,-0.61,0.19
V111F,-23.41,0.07,-2.44,0.07,-4.17,0.07,-0.4,0.28
V111G,-19.32,0.1,1.64,0.11,-0.09,0.11,-0.24,0.16
V111H,-17.64,0.12,3.32,0.12,1.6,0.12,-1.59,0.28
V111I,-23.13,0.15,-2.17,0.15,-3.9,0.15,-0.78,0.38
V111K,-17.43,0.08,3.54,0.08,1.81,0.08,-2.01,0.53
V111L,-22.98,0.13,-2.01,0.13,-3.74,0.13,-0.42,0.19
V111M,-22.11,0.2,-1.15,0.21,-2.88,0.21,-0.55,0.28
V111N,-18.02,0.03,2.95,0.03,1.22,0.03,-0.69,0.28
V111P,-17.15,0.07,3.82,0.07,2.09,0.07,5.18,0.14
V111Q,-18.43,0.03,2.54,0.03,0.81,0.03,-0.63,0.11
V111R,-17.75,0.06,3.22,0.06,1.49,0.06,-0.65,0.14
V111S,-19.13,0.03,1.83,0.04,0.11,0.04,-0.15,0.22
V111T,-20.02,0.05,0.95,0.05,-0.78,0.05,-0.99,0.34
V111V,-22.71,0.12,-1.75,0.12,-3.48,0.12,-1.14,0.31
V111W,-23.17,0.01,-2.21,0.02,-3.93,0.02,-1.98,0.21
V111Y,-21.99,0.28,-1.02,0.28,-2.75,0.28,-0.09,0.3
